{
  "Create new character" : {
    "transaction" : "Create new character",
    "sampleCount" : 143685,
    "errorCount" : 3123,
    "errorPct" : 2.1735046,
    "meanResTime" : 587.7472596304457,
    "medianResTime" : 100.0,
    "minResTime" : 0.0,
    "maxResTime" : 27574.0,
    "pct1ResTime" : 120.0,
    "pct2ResTime" : 126.0,
    "pct3ResTime" : 141.0,
    "throughput" : 2342.3592318476735,
    "receivedKBytesPerSec" : 752.9324734938949,
    "sentKBytesPerSec" : 494.7445807165156
  },
  "Update chacretrs by ID" : {
    "transaction" : "Update chacretrs by ID",
    "sampleCount" : 143198,
    "errorCount" : 3123,
    "errorPct" : 2.1808963,
    "meanResTime" : 419.36131789550154,
    "medianResTime" : 104.0,
    "minResTime" : 0.0,
    "maxResTime" : 18168.0,
    "pct1ResTime" : 18149.0,
    "pct2ResTime" : 18154.0,
    "pct3ResTime" : 18158.0,
    "throughput" : 2214.356405022577,
    "receivedKBytesPerSec" : 592.5886897789478,
    "sentKBytesPerSec" : 486.9154548279288
  },
  "Delete chracter by id" : {
    "transaction" : "Delete chracter by id",
    "sampleCount" : 139910,
    "errorCount" : 330,
    "errorPct" : 0.23586592,
    "meanResTime" : 70.17016653563007,
    "medianResTime" : 103.0,
    "minResTime" : 0.0,
    "maxResTime" : 205.0,
    "pct1ResTime" : 122.0,
    "pct2ResTime" : 129.0,
    "pct3ResTime" : 144.0,
    "throughput" : 2283.499265545944,
    "receivedKBytesPerSec" : 653.2788719499755,
    "sentKBytesPerSec" : 410.26989273910556
  },
  "Total" : {
    "transaction" : "Total",
    "sampleCount" : 710392,
    "errorCount" : 136468,
    "errorPct" : 19.21024,
    "meanResTime" : 339.0333393393991,
    "medianResTime" : 79.0,
    "minResTime" : 0.0,
    "maxResTime" : 35385.0,
    "pct1ResTime" : 18149.0,
    "pct2ResTime" : 18154.0,
    "pct3ResTime" : 18158.0,
    "throughput" : 10974.525343343994,
    "receivedKBytesPerSec" : 123131.5220181646,
    "sentKBytesPerSec" : 2021.2478040129538
  },
  "Get all characters" : {
    "transaction" : "Get all characters",
    "sampleCount" : 143434,
    "errorCount" : 3123,
    "errorPct" : 2.177308,
    "meanResTime" : 535.3558919084758,
    "medianResTime" : 103.0,
    "minResTime" : 0.0,
    "maxResTime" : 35385.0,
    "pct1ResTime" : 121.0,
    "pct2ResTime" : 128.0,
    "pct3ResTime" : 145.0,
    "throughput" : 2340.5567703403935,
    "receivedKBytesPerSec" : 127417.17245046466,
    "sentKBytesPerSec" : 353.96985197529455
  },
  "Get characters by ID" : {
    "transaction" : "Get characters by ID",
    "sampleCount" : 140165,
    "errorCount" : 126769,
    "errorPct" : 90.442696,
    "meanResTime" : 69.47997003531607,
    "medianResTime" : 100.0,
    "minResTime" : 0.0,
    "maxResTime" : 205.0,
    "pct1ResTime" : 120.0,
    "pct2ResTime" : 126.0,
    "pct3ResTime" : 143.0,
    "throughput" : 2287.474500203998,
    "receivedKBytesPerSec" : 612.2086329559364,
    "sentKBytesPerSec" : 361.83931622297024
  }
}