{
  "Create new character" : {
    "transaction" : "Create new character",
    "sampleCount" : 287735,
    "errorCount" : 8230,
    "errorPct" : 2.8602707,
    "meanResTime" : 591.9707856187076,
    "medianResTime" : 87.0,
    "minResTime" : 0.0,
    "maxResTime" : 42333.0,
    "pct1ResTime" : 3946.9000000000015,
    "pct2ResTime" : 15559.0,
    "pct3ResTime" : 25426.0,
    "throughput" : 1487.7791508746168,
    "receivedKBytesPerSec" : 501.2795054686167,
    "sentKBytesPerSec" : 312.03742812786004
  },
  "Update chacretrs by ID" : {
    "transaction" : "Update chacretrs by ID",
    "sampleCount" : 285404,
    "errorCount" : 7294,
    "errorPct" : 2.5556755,
    "meanResTime" : 472.29855573152594,
    "medianResTime" : 86.0,
    "minResTime" : 0.0,
    "maxResTime" : 67612.0,
    "pct1ResTime" : 99.0,
    "pct2ResTime" : 105.0,
    "pct3ResTime" : 15556.990000000002,
    "throughput" : 1492.3241027357149,
    "receivedKBytesPerSec" : 475.48161655612085,
    "sentKBytesPerSec" : 320.6454538495174
  },
  "Delete chracter by id" : {
    "transaction" : "Delete chracter by id",
    "sampleCount" : 284666,
    "errorCount" : 7239,
    "errorPct" : 2.5429802,
    "meanResTime" : 501.8275312120184,
    "medianResTime" : 86.0,
    "minResTime" : 1.0,
    "maxResTime" : 67615.0,
    "pct1ResTime" : 102.0,
    "pct2ResTime" : 11731.0,
    "pct3ResTime" : 43167.0,
    "throughput" : 1488.5664235103407,
    "receivedKBytesPerSec" : 495.70157769727035,
    "sentKBytesPerSec" : 261.89484632781654
  },
  "Total" : {
    "transaction" : "Total",
    "sampleCount" : 1429843,
    "errorCount" : 295314,
    "errorPct" : 20.653597,
    "meanResTime" : 506.49057274120196,
    "medianResTime" : 91.0,
    "minResTime" : 0.0,
    "maxResTime" : 67615.0,
    "pct1ResTime" : 9821.900000000001,
    "pct2ResTime" : 20785.0,
    "pct3ResTime" : 43167.0,
    "throughput" : 7393.228506869218,
    "receivedKBytesPerSec" : 157642.18927539376,
    "sentKBytesPerSec" : 1339.8154679170393
  },
  "Get all characters" : {
    "transaction" : "Get all characters",
    "sampleCount" : 287012,
    "errorCount" : 8511,
    "errorPct" : 2.9653811,
    "meanResTime" : 515.6338445779255,
    "medianResTime" : 87.0,
    "minResTime" : 1.0,
    "maxResTime" : 56113.0,
    "pct1ResTime" : 110.0,
    "pct2ResTime" : 9800.0,
    "pct3ResTime" : 15556.0,
    "throughput" : 1484.7086575070352,
    "receivedKBytesPerSec" : 155783.65301805662,
    "sentKBytesPerSec" : 223.73892940880543
  },
  "Get characters by ID" : {
    "transaction" : "Get characters by ID",
    "sampleCount" : 285026,
    "errorCount" : 264040,
    "errorPct" : 92.63716,
    "meanResTime" : 449.8854560636578,
    "medianResTime" : 86.0,
    "minResTime" : 0.0,
    "maxResTime" : 56114.0,
    "pct1ResTime" : 99.0,
    "pct2ResTime" : 105.0,
    "pct3ResTime" : 15555.0,
    "throughput" : 1490.46451187818,
    "receivedKBytesPerSec" : 472.2766308802612,
    "sentKBytesPerSec" : 230.67965518503604
  }
}